subject_code,semester,campus,department,grade,credit,subject_name,professor,classroom,class_time
YHF1001-01-00,2025-1학기,미래,필수교양(11~19학번) 문학과예술,"1,2,3,4",3.0,문학입문,배현자,청185,"화6,7,8"
YHF1001-02-00,2025-1학기,미래,필수교양(11~19학번) 문학과예술,"1,2,3,4",3.0,문학입문,고강일,청129,"화6,7,8"
YHF1004-01-00,2025-1학기,미래,필수교양(11~19학번) 문학과예술,"1,2,3,4",3.0,서양음악의이해(Online Classroom),이범석,"동영상(미래,중복수강가능)","일1,2,3"
YHF1005-01-00,2025-1학기,미래,필수교양(11~19학번) 문학과예술,"1,2,3,4",3.0,음악사,성안나,창141,"월6,7,8"
YHF1006-01-00,2025-1학기,미래,필수교양(11~19학번) 문학과예술,"1,2,3,4",3.0,대중문학의이해,고훈,청185,"목2,3,4"
YHF1006-02-00,2025-1학기,미래,필수교양(11~19학번) 문학과예술,"1,2,3,4",3.0,대중문학의이해,고훈,창102,"화2,3,4"
YHF1007-01-00,2025-1학기,미래,필수교양(11~19학번) 문학과예술,"1,2,3,4",3.0,연극의이해,최윤주,청129,"금3,4,5"
YHF1008-01-00,2025-1학기,미래,필수교양(11~19학번) 문학과예술,"1,2,3,4",3.0,영화의이해,유지영,창141,"화1,2,3"
YHF1008-02-00,2025-1학기,미래,필수교양(11~19학번) 문학과예술,"1,2,3,4",3.0,영화의이해,유지영,창184,"목1,2,3"
YHF1011-01-00,2025-1학기,미래,필수교양(11~19학번) 문학과예술,"1,2,3,4",3.0,미술사,전옥례,청152,"수6,7,8"
YHF1012-01-00,2025-1학기,미래,필수교양(11~19학번) 문학과예술,"1,2,3,4",3.0,미학,유연희,청185,"월1,2,3"
YHF1013-01-00,2025-1학기,미래,필수교양(11~19학번) 문학과예술,1,3.0,혼합매체,서효민,청378(청378),"월5,6,7(월8)"
YHF1020-01-00,2025-1학기,미래,필수교양(11~19학번) 문학과예술,"1,2,3,4",3.0,한국문학고전의현대적이해,손동호,컨B114,"화5,6,7"
YHF1023-01-00,2025-1학기,미래,필수교양(11~19학번) 문학과예술,"1,2,3,4",3.0,문화예술의심층심리,김세희,청572,"화2,3,4"
YHF1024-01-00,2025-1학기,미래,필수교양(11~19학번) 문학과예술,"1,2,3,4",3.0,뉴미디어와대중문화의이해,배정상,청152,"목6,7,8"
YHF1025-01-00,2025-1학기,미래,필수교양(11~19학번) 문학과예술,"1,2,3,4",3.0,자기치유적그리기와글쓰기,김세희,컨B107,"수2,3,4"
YHF1026-01-00,2025-1학기,미래,필수교양(11~19학번) 문학과예술,"1,2,3,4",3.0,그리스신화와상상력의진화,박언주,컨105,"수1,2,3"
YHG1001-01-00,2025-1학기,미래,필수교양(11~19학번) 인간과역사,1,3.0,역사학입문,왕현종,컨320,"목5,6,7"
YHG1002-01-00,2025-1학기,미래,필수교양(11~19학번) 인간과역사,"1,2,3,4",3.0,현대사회와심리학,이윤희,청185,"화2,3,4"
YHG1003-01-00,2025-1학기,미래,필수교양(11~19학번) 인간과역사,"1,2,3,4",3.0,인간행동의심리적이해,김성학,청185,"월6,7,8"
YHG1005-01-00,2025-1학기,미래,필수교양(11~19학번) 인간과역사,"1,2,3,4",3.0,서양문화의유산,이지원,청408,"목2,3,4"
YHG1005-02-00,2025-1학기,미래,필수교양(11~19학번) 인간과역사,"1,2,3,4",3.0,서양문화의유산,서이자,컨302,"수6,7,8"
YHG1006-01-00,2025-1학기,미래,필수교양(11~19학번) 인간과역사,"1,2,3,4",3.0,한국근현대사,정윤영,컨B114,"목6,7,8"
YHG1006-02-00,2025-1학기,미래,필수교양(11~19학번) 인간과역사,"1,2,3,4",3.0,한국근현대사,정윤영,미439,"목2,3,4"
YHG1006-03-00,2025-1학기,미래,필수교양(11~19학번) 인간과역사,"1,2,3,4",3.0,한국근현대사,원재영,미239,"목6,7,8"
YHG1007-01-00,2025-1학기,미래,필수교양(11~19학번) 인간과역사,"1,2,3,4",3.0,한국전통문화의유산,원재영,미239,"목2,3,4"
YHG1008-01-00,2025-1학기,미래,필수교양(11~19학번) 인간과역사,"1,2,3,4",3.0,동양문화의유산,김민서,청408,"월6,7,8"
YHG1008-02-00,2025-1학기,미래,필수교양(11~19학번) 인간과역사,"1,2,3,4",3.0,동양문화의유산,박찬근,청574,"월2,3,4"
YHG1009-01-00,2025-1학기,미래,필수교양(11~19학번) 인간과역사,"1,2,3,4",3.0,동양철학사,이진용,"동영상(미래,중복수강가능)/청408","월1,2/월3"
YHG1009-02-00,2025-1학기,미래,필수교양(11~19학번) 인간과역사,"1,2,3,4",3.0,동양철학사,정현정,청129,"화1,2,3"
YHG1010-01-00,2025-1학기,미래,필수교양(11~19학번) 인간과역사,"1,2,3,4",3.0,서양철학사,이상인,청129,"목6,7,8"
YHG1018-01-00,2025-1학기,미래,필수교양(11~19학번) 인간과역사,"1,2,3,4",3.0,그레이트북스:해석-상상-비판,이영규,컨B112,"화6,7,8"
YHG1021-01-00,2025-1학기,미래,필수교양(11~19학번) 인간과역사,"1,2,3,4",3.0,행복한삶을위한관계의기술,조에스더,컨B115,"수6,7,8"
YHG1023-01-00,2025-1학기,미래,필수교양(11~19학번) 인간과역사,"1,2,3,4",3.0,미래를향한연세역사,오영교,청208,"수6,7,8"
YHG1023-02-00,2025-1학기,미래,필수교양(11~19학번) 인간과역사,"1,2,3,4",3.0,미래를향한연세역사,이상순,청208,"목6,7,8"
YHG1023-03-00,2025-1학기,미래,필수교양(11~19학번) 인간과역사,"1,2,3,4",3.0,미래를향한연세역사,이진형,청208,"화6,7,8"
YHD1003-01-00,2025-1학기,미래,필수교양(11~19학번) 언어와표현,"2,3,4",2.0,교양영어Ⅲ,킨케이드클리포드,연플401,"월1,2,3"
YHD1003-02-00,2025-1학기,미래,필수교양(11~19학번) 언어와표현,"2,3,4",2.0,교양영어Ⅲ,킨케이드클리포드,연플401,"화1,2,3"
YHD1003-03-00,2025-1학기,미래,필수교양(11~19학번) 언어와표현,"2,3,4",2.0,교양영어Ⅲ,킨케이드클리포드,연플401,"화6,7,8"
YHD1003-04-00,2025-1학기,미래,필수교양(11~19학번) 언어와표현,"2,3,4",2.0,교양영어Ⅲ,베일리헨더슨,연플314,"수1,2,3"
YHD1003-05-00,2025-1학기,미래,필수교양(11~19학번) 언어와표현,"2,3,4",2.0,교양영어Ⅲ,베일리헨더슨,연플314,"목1,2,3"
YHD1003-06-00,2025-1학기,미래,필수교양(11~19학번) 언어와표현,"2,3,4",2.0,교양영어Ⅲ,베일리헨더슨,연플314,"월6,7,8"
YHF1017-01-00,2025-1학기,미래,필수교양(11~19학번) 언어와표현,1,3.0,형태와구조,한정림,청474(청474),"월1,2,3(월4)"
YHH1003-01-00,2025-1학기,미래,필수교양(11~19학번) 언어와표현,1,3.0,드로잉,채승진,청474(청474),"월5,6,7(월8)"
YHH1004-01-00,2025-1학기,미래,필수교양(11~19학번) 언어와표현,1,3.0,디지털표현,윤지현,청259(청259),"월6,7,8(월9)"
YHH1005-01-00,2025-1학기,미래,필수교양(11~19학번) 언어와표현,"1,2,3,4",3.0,일본어(1),노혜경,청208,"화1,2,3"
YHH1005-02-00,2025-1학기,미래,필수교양(11~19학번) 언어와표현,"1,2,3,4",3.0,일본어(1),노혜경,청208,"목1,2,3"
YHH1007-01-00,2025-1학기,미래,필수교양(11~19학번) 언어와표현,"1,2,3,4",3.0,중국어(1),이하나,정240,"화2,3,4"
YHH1009-01-00,2025-1학기,미래,필수교양(11~19학번) 언어와표현,"1,2,3,4",3.0,한문(1),반재유,청574,"목6,7,8"
YHH1011-01-00,2025-1학기,미래,필수교양(11~19학번) 언어와표현,"1,2,3,4",3.0,러시아어(1),변군혁,청572,"월1,2,3"
YHH1013-01-00,2025-1학기,미래,필수교양(11~19학번) 언어와표현,"1,2,3,4",3.0,독일어(1),남일우,청577,"목1,2,3"
YHH1013-02-00,2025-1학기,미래,필수교양(11~19학번) 언어와표현,"1,2,3,4",3.0,독일어(1),남일우,청577,"목5,6,7"
YHH1015-01-00,2025-1학기,미래,필수교양(11~19학번) 언어와표현,"1,2,3,4",3.0,불어(1),박언주,정517,"수5,6,7"
YHH1017-01-00,2025-1학기,미래,필수교양(11~19학번) 언어와표현,"1,2,3,4",3.0,글로벌실용영어,이예라,정514,"목2,3,4"
YHH1021-01-00,2025-1학기,미래,필수교양(11~19학번) 언어와표현,"1,2,3,4",3.0,한국수어(1),유경미,컨B112,"월2,3,4"
YHH1023-01-00,2025-1학기,미래,필수교양(11~19학번) 언어와표현,"1,2,3,4",3.0,스페인어(1),구효진,청572,"금1,2,3"
YHH1023-02-00,2025-1학기,미래,필수교양(11~19학번) 언어와표현,"1,2,3,4",3.0,스페인어(1),구효진,청572,"금5,6,7"
YHH1030-01-00,2025-1학기,미래,필수교양(11~19학번) 언어와표현,2,2.0,SW소양영어,이수림,컨B115,"목7,8"
YHH1030-02-00,2025-1학기,미래,필수교양(11~19학번) 언어와표현,2,2.0,SW소양영어,신지항,컨105,"목3,4"
YHH1030-03-00,2025-1학기,미래,필수교양(11~19학번) 언어와표현,2,2.0,SW소양영어,김영미,컨B115,"수1,2"
YHH1030-04-00,2025-1학기,미래,필수교양(11~19학번) 언어와표현,2,2.0,SW소양영어,신지항,컨B114,"금1,2"
YHH1031-01-00,2025-1학기,미래,필수교양(11~19학번) 언어와표현,"1,2,3,4",3.0,디베이트(융합),장기영,컨B112,"수6,7,8"
YHH1031-02-00,2025-1학기,미래,필수교양(11~19학번) 언어와표현,"1,2,3,4",3.0,디베이트(융합),이민규,컨B112,"금5,6,7"
YHH1031-03-00,2025-1학기,미래,필수교양(11~19학번) 언어와표현,"1,2,3,4",3.0,디베이트(융합),성은혜,컨B102,"화2,3,4"
YHH1031-04-00,2025-1학기,미래,필수교양(11~19학번) 언어와표현,"1,2,3,4",3.0,디베이트(융합),오태권,컨104,"금3,4,5"
YHH1032-01-00,2025-1학기,미래,필수교양(11~19학번) 언어와표현,"1,2,3,4",3.0,한국사회와언어,김병문,컨101,"수7,8,9"
YHH1033-01-00,2025-1학기,미래,필수교양(11~19학번) 언어와표현,"1,2,3,4",3.0,디지털문화의이해,정수현,컨B109,"수2,3,4"
YHI1001-01-00,2025-1학기,미래,필수교양(11~19학번) 가치와윤리,"1,2,3,4",3.0,공공가치와정책,박민정,청152,"월6,7,8"
YHI1002-01-00,2025-1학기,미래,필수교양(11~19학번) 가치와윤리,"1,2,3,4",3.0,철학입문,이상인,청208,"월7,8,화5"
YHI1002-02-00,2025-1학기,미래,필수교양(11~19학번) 가치와윤리,"1,2,3,4",3.0,철학입문,이진용,청408,"화1,2,3"
YHI1004-01-00,2025-1학기,미래,필수교양(11~19학번) 가치와윤리,"1,2,3,4",3.0,철학과윤리,이주석,청152,"목1,2,3"
YHI1005-01-00,2025-1학기,미래,필수교양(11~19학번) 가치와윤리,"1,2,3,4",3.0,동양의가치와철학,전현희,"동영상(미래,중복수강가능)/청408","금1,2/금3"
YHI1007-01-00,2025-1학기,미래,필수교양(11~19학번) 가치와윤리,"1,2,3,4",3.0,인간과생명,이경희,창527,"월6,7,8"
YHI1008-01-00,2025-1학기,미래,필수교양(11~19학번) 가치와윤리,"1,2,3,4",3.0,환경오염과인간,박동희,미437,"월7,8,수7"
YHI1009-01-00,2025-1학기,미래,필수교양(11~19학번) 가치와윤리,"1,2,3,4",3.0,원주의생명사상과운동,손동호,컨B112,"목5,6,7"
YHI1013-01-00,2025-1학기,미래,필수교양(11~19학번) 가치와윤리,"1,2,3,4",3.0,"4차산업혁명시대의인성,사고,학습",김경미,청405,"목2,3,4"
YHI1015-01-00,2025-1학기,미래,필수교양(11~19학번) 가치와윤리,"1,2,3,4",3.0,영화와미술로보는기독교(Online Classroom),정승우,"동영상(미래,중복수강가능)","월0,화0,수0"
YHI1016-01-00,2025-1학기,미래,필수교양(11~19학번) 가치와윤리,"1,2,3,4",3.0,디베이트(문화교류),심희찬,정522,"목6,7,8"
YHJ1002-01-00,2025-1학기,미래,필수교양(11~19학번) 국가와사회공동체,"1,2,3,4",3.0,경제현안분석,안희욱,정114,"수6,7,8"
YHJ1003-01-00,2025-1학기,미래,필수교양(11~19학번) 국가와사회공동체,"1,2,3,4",3.0,정치학입문,이인성,정350,"화2,3,4"
YHJ1003-02-00,2025-1학기,미래,필수교양(11~19학번) 국가와사회공동체,"1,2,3,4",3.0,정치학입문,손연우,창141,"목2,3,4"
YHJ1004-01-00,2025-1학기,미래,필수교양(11~19학번) 국가와사회공동체,"1,2,3,4",3.0,현대사회의법과권리,석지윤,컨318,"목2,3,4"
YHJ1004-02-00,2025-1학기,미래,필수교양(11~19학번) 국가와사회공동체,"1,2,3,4",3.0,현대사회의법과권리,이환경,미237,"화4,5,6"
YHJ1005-01-00,2025-1학기,미래,필수교양(11~19학번) 국가와사회공동체,"1,2,3,4",3.0,법학개론,석지윤,컨318,"목6,7,8"
YHJ1005-02-00,2025-1학기,미래,필수교양(11~19학번) 국가와사회공동체,"1,2,3,4",3.0,법학개론,이환경,미237,"목6,7,8"
YHJ1006-01-00,2025-1학기,미래,필수교양(11~19학번) 국가와사회공동체,"1,2,3,4",3.0,빈곤과불평등,손동기,창184,"수6,7,8"
YHJ1007-01-00,2025-1학기,미래,필수교양(11~19학번) 국가와사회공동체,"1,2,3,4",3.0,뉴미디어와정보사회,김선희,청152,"화2,3,4"
YHJ1008-01-00,2025-1학기,미래,필수교양(11~19학번) 국가와사회공동체,"1,2,3,4",3.0,사회과학과사회복지,김선희,컨B110,"화6,7,8"
YHJ1009-01-00,2025-1학기,미래,필수교양(11~19학번) 국가와사회공동체,"1,2,3,4",3.0,사회학개론,배상훈,미237,"월6,7,8"
YHJ1021-01-00,2025-1학기,미래,필수교양(11~19학번) 국가와사회공동체,"1,2,3,4",3.0,원주사회적기업에서배우는협동과연대,이인재,컨B115,"화6,7,8"
YHK1002-01-00,2025-1학기,미래,필수교양(11~19학번) 지역사회와세계,"1,2,3,4",3.0,경제학입문,유정식,컨103,"수6,7,8"
YHK1002-02-00,2025-1학기,미래,필수교양(11~19학번) 지역사회와세계,"1,2,3,4",3.0,경제학입문,채희봉,"청152/동영상(미래,중복수강가능)","수1,2/목5"
YHK1002-03-00,2025-1학기,미래,필수교양(11~19학번) 지역사회와세계,"1,2,3,4",3.0,경제학입문,양준모,컨103,"월5,화1,2"
YHK1003-01-00,2025-1학기,미래,필수교양(11~19학번) 지역사회와세계,"1,2,3,4",3.0,글로벌시대의행정학,박성진,정114,"목6,7,8"
YHK1004-01-00,2025-1학기,미래,필수교양(11~19학번) 지역사회와세계,"1,2,3,4",3.0,글로벌시대의경영학,정유진,미437,"월1,2,3"
YHK1005-01-00,2025-1학기,미래,필수교양(11~19학번) 지역사회와세계,"1,2,3,4",3.0,축제문화의이해,김미성,창184,"금1,2,3"
YHK1005-02-00,2025-1학기,미래,필수교양(11~19학번) 지역사회와세계,"1,2,3,4",3.0,축제문화의이해,김미성,창184,"화1,2,3"
YHK1006-01-00,2025-1학기,미래,필수교양(11~19학번) 지역사회와세계,"1,2,3,4",3.0,세계화시대의국제관계,손연우,청408,"목6,7,8"
YHK1009-01-00,2025-1학기,미래,필수교양(11~19학번) 지역사회와세계,"1,2,3,4",3.0,국제빈곤의이해,장인철,정117,"수6,7,8"
YHK1010-01-00,2025-1학기,미래,필수교양(11~19학번) 지역사회와세계,"1,2,3,4",3.0,문화인류학,김윤영,미339,"화2,3,4"
YHK1012-01-00,2025-1학기,미래,필수교양(11~19학번) 지역사회와세계,"1,2,3,4",3.0,국제개발학의기초,전미양,"미239/동영상(미래,중복수강가능)","화3/토3,4"
YHK1012-02-00,2025-1학기,미래,필수교양(11~19학번) 지역사회와세계,"1,2,3,4",3.0,국제개발학의기초,오지은,미437,"화6,7,8"
YHK1012-03-00,2025-1학기,미래,필수교양(11~19학번) 지역사회와세계,"1,2,3,4",3.0,국제개발학의기초,오지은,미437,"화2,3,4"
YHK1018-01-00,2025-1학기,미래,필수교양(11~19학번) 지역사회와세계,"1,2,3,4",3.0,지역사회와시민의식,이진형,컨B106,"월6,7,8"
YHK1018-02-00,2025-1학기,미래,필수교양(11~19학번) 지역사회와세계,"1,2,3,4",3.0,지역사회와시민의식,제현수,컨B109,"월2,3,4"
YHK1019-01-00,2025-1학기,미래,필수교양(11~19학번) 지역사회와세계,"1,2,3,4",3.0,미래설계리빙랩,조에스더,컨B108,"수2,3,4"
YHL1002-01-00,2025-1학기,미래,필수교양(11~19학번) 논리와수리,"1,2,3,4",3.0,경제지표의이해와활용,최지현,정350,"수2,3,4"
YHL1003-01-00,2025-1학기,미래,필수교양(11~19학번) 논리와수리,"1,2,3,4",3.0,국제지역정보분석,이규정,미234,"금5,6,7"
YHL1007-01-00,2025-1학기,미래,필수교양(11~19학번) 논리와수리,"1,2,3,4",3.0,미분적분학과벡터해석(1),경시현,컨105(컨105),"월5,6,수5(수6)"
YHL1007-02-00,2025-1학기,미래,필수교양(11~19학번) 논리와수리,"1,2,3,4",3.0,미분적분학과벡터해석(1),경시현,컨102(컨102),"월7,8,수7(수8)"
YHL1007-03-00,2025-1학기,미래,필수교양(11~19학번) 논리와수리,"1,2,3,4",3.0,미분적분학과벡터해석(1),민숙,컨102(컨102),"화7,목3,4(화8)"
YHL1007-04-00,2025-1학기,미래,필수교양(11~19학번) 논리와수리,"1,2,3,4",3.0,미분적분학과벡터해석(1),권혁남,컨B108(컨B108),"월5,화5,6(월6)"
YHL1007-05-00,2025-1학기,미래,필수교양(11~19학번) 논리와수리,"1,2,3,4",3.0,미분적분학과벡터해석(1),김소영,컨321(컨321),"화7,8,목5(목6)"
YHL1007-06-00,2025-1학기,미래,필수교양(11~19학번) 논리와수리,"1,2,3,4",3.0,미분적분학과벡터해석(1),김일호,창471(창471),"월5,수7,8(월6)"
YHL1007-07-00,2025-1학기,미래,필수교양(11~19학번) 논리와수리,"1,2,3,4",3.0,미분적분학과벡터해석(1),김수민,컨B109(컨B109),"수7,8,금1(금2)"
YHL1007-08-00,2025-1학기,미래,필수교양(11~19학번) 논리와수리,"1,2,3,4",3.0,미분적분학과벡터해석(1),김수민,컨B108(컨B108),"수5,금3,4(수6)"
YHL1007-09-00,2025-1학기,미래,필수교양(11~19학번) 논리와수리,"1,2,3,4",3.0,미분적분학과벡터해석(1),민숙,컨102(컨102),"화5,목7,8(화6)"
YHL1007-10-00,2025-1학기,미래,필수교양(11~19학번) 논리와수리,"1,2,3,4",3.0,미분적분학과벡터해석(1),신민우,컨105(컨105),"화5,6,수7(수8)"
YHL1007-11-00,2025-1학기,미래,필수교양(11~19학번) 논리와수리,"1,2,3,4",3.0,미분적분학과벡터해석(1),김일호,창471(창471),"월7,8,수5(수6)"
YHL1007-12-00,2025-1학기,미래,필수교양(11~19학번) 논리와수리,"1,2,3,4",3.0,미분적분학과벡터해석(1),김소영,컨321(컨321),"화5,목7,8(화6)"
YHL1010-01-00,2025-1학기,미래,필수교양(11~19학번) 논리와수리,2,3.0,공업수학(I),김재권,창515(창515),"월5,6,수5(수6)"
YHL1010-02-00,2025-1학기,미래,필수교양(11~19학번) 논리와수리,2,3.0,공업수학(I),윤한얼,컨323(컨323),"월5,6,수5(수6)"
YHL1010-03-00,2025-1학기,미래,필수교양(11~19학번) 논리와수리,2,3.0,공업수학(I),임동혁,미343(미343),"월6,7,목6(목7)"
YHL1010-04-00,2025-1학기,미래,필수교양(11~19학번) 논리와수리,2,3.0,공업수학(I),김윤철,미234(미234),"화9,10,목9(목10)"
YHL1012-01-00,2025-1학기,미래,필수교양(11~19학번) 논리와수리,2,3.0,이산구조,민숙,창515(창515),"월1,2,수1(수2)"
YHL1012-02-00,2025-1학기,미래,필수교양(11~19학번) 논리와수리,2,3.0,이산구조,신민우,창515(창515),"월3,4,수3(수4)"
YHL1012-03-00,2025-1학기,미래,필수교양(11~19학번) 논리와수리,2,3.0,이산구조,박캐서린,미234(미234),"화5,6,목5(목6)"
YHL1018-01-00,2025-1학기,미래,필수교양(11~19학번) 논리와수리,2,3.0,공업수학I,노성철,컨102(컨102),"월5,목5,6(월6)"
YHL1020-01-00,2025-1학기,미래,필수교양(11~19학번) 논리와수리,"1,2,3,4",3.0,공업수학(2),이세영,백523(백523),"월1,목1,2(월2,목3)"
YHL1020-02-00,2025-1학기,미래,필수교양(11~19학번) 논리와수리,"1,2,3,4",3.0,공업수학(2),김혜진,백321(백321),"월2,화6,7(월3,화8)"
YHL1024-01-00,2025-1학기,미래,필수교양(11~19학번) 논리와수리,"1,2,3,4",3.0,논리와분석적판단,박승권,청408,"수6,7,8"
YHL1036-01-00,2025-1학기,미래,필수교양(11~19학번) 논리와수리,1,3.0,데이터사이언스입문,나성룡,창461,"수1,2,3"
YHL1036-02-00,2025-1학기,미래,필수교양(11~19학번) 논리와수리,1,3.0,데이터사이언스입문(Online Classroom),박대우,동영상(중복수강불가),"금1,2,3"
YHL1037-01-00,2025-1학기,미래,필수교양(11~19학번) 논리와수리,1,3.0,AI를위한기초수학(Online Classroom),민숙,"동영상(미래,중복수강가능)","토1,2,3"
YHX1009-01-00,2025-1학기,미래,필수교양(11~19학번) 논리와수리,"1,2,3,4",3.0,컴퓨터프로그래밍,성태응,컨316(컨316),"월5,6,수3(수4)"
YHX1009-02-00,2025-1학기,미래,필수교양(11~19학번) 논리와수리,"1,2,3,4",3.0,컴퓨터프로그래밍,이홍래,컨319(컨319),"월5,6,수3(수4)"
YHX1009-03-00,2025-1학기,미래,필수교양(11~19학번) 논리와수리,"1,2,3,4",3.0,컴퓨터프로그래밍,손정우,청577(청577),"월5,6,수3(수4)"
YHX1009-04-00,2025-1학기,미래,필수교양(11~19학번) 논리와수리,"1,2,3,4",3.0,컴퓨터프로그래밍,이창렬,컨319(컨319),"화7,8,목7(목8)"
YHX1009-05-00,2025-1학기,미래,필수교양(11~19학번) 논리와수리,"1,2,3,4",3.0,컴퓨터프로그래밍,윤영로,미234(미234),"월7,8,9(목7)"
YHX1009-06-00,2025-1학기,미래,필수교양(11~19학번) 논리와수리,"1,2,3,4",3.0,컴퓨터프로그래밍,박캐서린,미132(미132),"화7,8,목7(목8)"
YHX1009-07-00,2025-1학기,미래,필수교양(11~19학번) 논리와수리,"1,2,3,4",3.0,컴퓨터프로그래밍,최준열,백213(백213),"월8,화1,2(화3)"
YHX1009-08-00,2025-1학기,미래,필수교양(11~19학번) 논리와수리,"1,2,3,4",3.0,컴퓨터프로그래밍,김호담,(미541)미541,"(월8)월9,10,수8"
YHV1001-01-00,2025-1학기,미래,필수교양(11~19학번) 자연과우주,"1,2,3,4",3.0,일반물리학및실험(1),김형식,창508/(창234),"화1,2/(수7,8)"
YHV1001-02-00,2025-1학기,미래,필수교양(11~19학번) 자연과우주,"1,2,3,4",3.0,일반물리학및실험(1),이동욱,창527/(창234),"화1,2/(수9,10)"
YHV1001-03-00,2025-1학기,미래,필수교양(11~19학번) 자연과우주,"1,2,3,4",3.0,일반물리학및실험(1),유상구,(창234)/컨103,"(월5,6)/수3,4"
YHV1001-04-00,2025-1학기,미래,필수교양(11~19학번) 자연과우주,"1,2,3,4",3.0,일반물리학및실험(1),유상구,컨B108/(창234),"수7,8/(목7,8)"
YHV1001-05-00,2025-1학기,미래,필수교양(11~19학번) 자연과우주,"1,2,3,4",3.0,일반물리학및실험(1),최형,(창234)/창508,"(월1,2)/목5,6"
YHV1001-06-00,2025-1학기,미래,필수교양(11~19학번) 자연과우주,"1,2,3,4",3.0,일반물리학및실험(1),정광식,미140/(창234),"화7,8/(목1,2)"
YHV1001-07-00,2025-1학기,미래,필수교양(11~19학번) 자연과우주,"1,2,3,4",3.0,일반물리학및실험(1),유상구,컨B109/(창234),"수5,6/(목3,4)"
YHV1001-08-00,2025-1학기,미래,필수교양(11~19학번) 자연과우주,"1,2,3,4",3.0,일반물리학및실험(1),최태근,창427/(창234),"수7,8/(목5,6)"
YHV1001-09-00,2025-1학기,미래,필수교양(11~19학번) 자연과우주,"1,2,3,4",3.0,일반물리학및실험(1),복은,창471/(창234),"화7,8/(수5,6)"
YHV1001-10-00,2025-1학기,미래,필수교양(11~19학번) 자연과우주,"1,2,3,4",3.0,일반물리학및실험(1),최형,미139/(창234),"목1,2/(금1,2)"
YHV1001-11-00,2025-1학기,미래,필수교양(11~19학번) 자연과우주,"1,2,3,4",3.0,일반물리학및실험(1),이진형,(창234)/창508,"(월7,8)/수1,2"
YHV1001-12-00,2025-1학기,미래,필수교양(11~19학번) 자연과우주,"1,2,3,4",3.0,일반물리학및실험(1),이동욱,창471/(창234),"화3,4/(수11,12)"
YHV1001-13-00,2025-1학기,미래,필수교양(11~19학번) 자연과우주,"1,2,3,4",3.0,일반물리학및실험(1),최태근,(창234)/창508,"(화5,6)/수3,4"
YHV1003-01-00,2025-1학기,미래,필수교양(11~19학번) 자연과우주,"1,2,3,4",3.0,일반화학및실험(1),조병연,창427/(창315),"목3,4/(금1,2)"
YHV1003-02-00,2025-1학기,미래,필수교양(11~19학번) 자연과우주,"1,2,3,4",3.0,일반화학및실험(1),고영진,창427/(창315),"수7,8/(금3,4)"
YHV1003-03-00,2025-1학기,미래,필수교양(11~19학번) 자연과우주,"1,2,3,4",3.0,일반화학및실험(1),조병연,(창315)/창427,"(수5,6)/목7,8"
YHV1003-04-00,2025-1학기,미래,필수교양(11~19학번) 자연과우주,"1,2,3,4",3.0,일반화학및실험(1),전성란,(창315)/창427,"(월3,4)/화7,8"
YHV1003-05-00,2025-1학기,미래,필수교양(11~19학번) 자연과우주,"1,2,3,4",3.0,일반화학및실험(1),조병연,(창315)/창427,"(월1,2)/목1,2"
YHV1003-06-00,2025-1학기,미래,필수교양(11~19학번) 자연과우주,"1,2,3,4",3.0,일반화학및실험(1),김두일,(창315)/창427,"(월5,6)/수5,6"
YHV1003-07-00,2025-1학기,미래,필수교양(11~19학번) 자연과우주,"1,2,3,4",3.0,일반화학및실험(1),전성란,창427/(창315),"화3,4/(수7,8)"
YHV1003-08-00,2025-1학기,미래,필수교양(11~19학번) 자연과우주,"1,2,3,4",3.0,일반화학및실험(1),김주천,창427/(창315),"월1,2/(화3,4)"
YHV1003-09-00,2025-1학기,미래,필수교양(11~19학번) 자연과우주,"1,2,3,4",3.0,일반화학및실험(1),김주천,창427/(창315),"월3,4/(화5,6)"
YHV1003-10-00,2025-1학기,미래,필수교양(11~19학번) 자연과우주,"1,2,3,4",3.0,일반화학및실험(1),김주천,창427/(창315),"월7,8/(화7,8)"
YHV1003-11-00,2025-1학기,미래,필수교양(11~19학번) 자연과우주,"1,2,3,4",3.0,일반화학및실험(1),전성란,창427/(창315),"월5,6/(목1,2)"
YHV1006-01-00,2025-1학기,미래,필수교양(11~19학번) 자연과우주,"1,2,3,4",3.0,물리학의현대적이해,조상완,미239,"수6,7,8"
YHV1013-01-00,2025-1학기,미래,필수교양(11~19학번) 자연과우주,"1,2,3,4",3.0,현대과학수사의이해,이상윤,미331,"수6,7,8"
YHN1002-01-00,2025-1학기,미래,필수교양(11~19학번) 생명과환경,"1,2,3,4",3.0,일반생물학및실험(1),홍민선,미140/(미116),"월7,8/(목7,8)"
YHN1002-02-00,2025-1학기,미래,필수교양(11~19학번) 생명과환경,"1,2,3,4",3.0,일반생물학및실험(1),가학현,(미116)/미341,"(월5,6)/목7,8"
YHN1002-03-00,2025-1학기,미래,필수교양(11~19학번) 생명과환경,"1,2,3,4",3.0,일반생물학및실험(1),김윤,컨B109/(미116),"월7,8/(금3,4)"
YHN1002-04-00,2025-1학기,미래,필수교양(11~19학번) 생명과환경,"1,2,3,4",3.0,일반생물학및실험(1),홍종광,미139/(미116),"월7,8/(목5,6)"
YHN1002-05-00,2025-1학기,미래,필수교양(11~19학번) 생명과환경,"1,2,3,4",3.0,일반생물학및실험(1),양동훈,미140/(미116),"월5,6/(수3,4)"
YHN1002-06-00,2025-1학기,미래,필수교양(11~19학번) 생명과환경,"1,2,3,4",3.0,일반생물학및실험(1),김진욱,컨B109/(미116),"월5,6/(화1,2)"
YHN1002-07-00,2025-1학기,미래,필수교양(11~19학번) 생명과환경,"1,2,3,4",3.0,일반생물학및실험(1),김희진,(미116)/미441,"(월3,4)/수3,4"
MTH2001-01-00,2025-1학기,미래,과학기술대학(~2020학번) 자연과학부(수학),2,3.0,응용해석및연습(1),유일,창474(창474),"화1,2,수3(수4)"
MTH3004-01-00,2025-1학기,미래,과학기술대학(~2020학번) 자연과학부(수학),3,3.0,기하와그래픽(1),한수경,창474(창474),"월7,화5,6(월8)"
MTH4007-01-00,2025-1학기,미래,과학기술대학(~2020학번) 자연과학부(수학),4,3.0,확률론,유일,창474(창474),"화3,수1,2(화4)"
SWE3009-01-00,2025-1학기,미래,과학기술대학(~2020학번) 자연과학부(수학),3,3.0,암호학,민숙,창271(창271),"월5,6,수5(수6)"
EIC3339-01-00,2025-1학기,미래,동아시아국제학부 공통,"2,3,4",2.0,DIVERSITY AND CONVERGENCE IN EAST ASIA,김형종,정523,"수6,7"
EIC3347-01-00,2025-1학기,미래,동아시아국제학부 공통,"2,3,4",3.0,CONTEMPORARY THEORIES OF JUSTICE,이양수,정151,"화6,7,8"
EIC4308-01-00,2025-1학기,미래,동아시아국제학부 공통,"3,4",2.0,INDEPENDENT STUDY,베시도나타,,
EIC3003-01-00,2025-1학기,미래,동아시아국제학부 EAST ASIAN ECONOMY AND BUSINESS,"1,2,3,4",3.0,EAST ASIAN ECONOMIC SYSTEMS,이홍화,정330,"금2,3,4"
EIC3201-01-00,2025-1학기,미래,동아시아국제학부 EAST ASIAN ECONOMY AND BUSINESS,"1,2,3,4",3.0,MICROECONOMICS,베시도나타,"정108/동영상(미래,중복수강가능)","화2,3/수1"
EIC3208-01-00,2025-1학기,미래,동아시아국제학부 EAST ASIAN ECONOMY AND BUSINESS,"1,2,3,4",3.0,EU-EAST ASIA ECONOMIC RELATIONS,이홍화,정330,"금6,7,8"
EIC3214-01-00,2025-1학기,미래,동아시아국제학부 EAST ASIAN ECONOMY AND BUSINESS,"1,2,3,4",3.0,ENTREPRENEURSHIP AND ORGANIZATIONAL MANAGEMENT IN ASIA,허정윤,정151,"수5,6,7"
EIC3215-01-00,2025-1학기,미래,동아시아국제학부 EAST ASIAN ECONOMY AND BUSINESS,"1,2,3,4",3.0,CONTEMPORARY ISSUES IN EAST ASIAN BUSINESS,윤세정,정151,"금6,7,8"
EIC3217-01-00,2025-1학기,미래,동아시아국제학부 EAST ASIAN ECONOMY AND BUSINESS,"1,2,3,4",3.0,EAST ASIAN ECONOMIC GROWTH,이호명,정108,"금5,6,7"
EIC3219-01-00,2025-1학기,미래,동아시아국제학부 EAST ASIAN ECONOMY AND BUSINESS,"1,2,3,4",3.0,MARKETING,윤세정,정151,"금2,3,4"
EIC3224-01-00,2025-1학기,미래,동아시아국제학부 EAST ASIAN ECONOMY AND BUSINESS,"1,2,3,4",3.0,ORGANIZATIONAL BEHAVIOR,김혜나,정151,"목2,3,4"
EIC3001-01-00,2025-1학기,미래,동아시아국제학부 EAST ASIAN POLITICS AND CULTURE,"1,2,3,4",3.0,EAST ASIAN POLITICAL SYSTEMS,이경수,정152,"목6,7,8"
EIC3102-01-00,2025-1학기,미래,동아시아국제학부 EAST ASIAN POLITICS AND CULTURE,"1,2,3,4",3.0,INTERNATIONAL POLITICAL ECONOMY,이경수,정152,"목2,3,4"
EIC3113-01-00,2025-1학기,미래,동아시아국제학부 EAST ASIAN POLITICS AND CULTURE,"1,2,3,4",3.0,JAPANESE POLITICS,김성조,실시간온라인(미래),"월5,6,수6"
EIC3130-01-00,2025-1학기,미래,동아시아국제학부 EAST ASIAN POLITICS AND CULTURE,"1,2,3,4",3.0,"WAR,PEACEBUILDING, AND RECONSTRUCTION",예한석,정330,"화2,3,4"
EIC3131-01-00,2025-1학기,미래,동아시아국제학부 EAST ASIAN POLITICS AND CULTURE,"1,2,3,4",3.0,HISTORY OF KOREAN CIVILIZATION,홍정기,정108,"수1,2,3"
EIC4101-01-00,2025-1학기,미래,동아시아국제학부 EAST ASIAN POLITICS AND CULTURE,"3,4",3.0,SPECIAL TOPICS IN EAST ASIAN POLITICS,김성조,정152,"화6,7,수5"
EIC4121-01-00,2025-1학기,미래,동아시아국제학부 EAST ASIAN POLITICS AND CULTURE,"3,4",3.0,SPECIAL TOPICS IN EAST ASIAN CULTURES,홍정기,정108,"수5,6,7"
DES3002-01-00,2025-1학기,미래,연계전공(미래) 융합디자인학,"3,4",3.0,디지털크래프트(캡스톤디자인),윤지현,청259(청259),"수1,2(수3,4)"
DES3003-01-00,2025-1학기,미래,연계전공(미래) 융합디자인학,"3,4",3.0,지속가능디자인(캡스톤디자인),최재공,청405(청405),"월5,6(월7,8)"
DES3004-01-00,2025-1학기,미래,연계전공(미래) 융합디자인학,"3,4",3.0,융합디자인워크샵(캡스톤디자인),박종욱,청375(청375),"목5,6(목7,8)"
,,,,,,,,,
